Full Name,Name,Status,Duration,Error,Stack Trace,Steps,Parent Suite,Suite,Sub Suite,Epic,Feature,Story
"start.test.ts:82:5","""JUnit5""","passed","7s 364ms",,,"Before Hooks passed (878ms)
  beforeEach hook passed (876ms)
    Fixture ""context"" passed (18ms)
      Create context passed (9ms)
    Fixture ""page"" passed (136ms)
      Create page passed (135ms)
    Navigate to ""/start"" passed (714ms)
 Navigate to ""/start"" passed (364ms)
  Click getByText('Kotlin') passed (231ms)
   Click getByText('JUnit5', { exact: true }) passed (128ms)
    Query count locator('[title=""Project metadata""] label[id]') passed (48ms)
     Query count locator('[title=""Project metadata""] label[id]').first().locator('[data-testid=app-start-select]') passed (8ms)
      Query count locator('[title=""Project metadata""] label[id]').first().locator('[data-testid=app-start-inline-picker]') passed (9ms)
       Query count locator('[title=""Project metadata""] label[id]').nth(1).locator('[data-testid=app-start-select]') passed (6ms)
        Query count locator('[title=""Project metadata""] label[id]').nth(1).locator('[data-testid=app-start-inline-picker]') passed (7ms)
         Query count locator('[title=""Project metadata""] label[id]').nth(2).locator('[data-testid=app-start-select]') passed (7ms)
          Query count locator('[title=""Project metadata""] label[id]').nth(2).locator('[data-testid=app-start-inline-picker]') passed (9ms)
           Query count locator('[title=""Project metadata""] label[id]').nth(3).locator('[data-testid=app-start-select]') passed (32ms)
            Query count locator('[title=""Project metadata""] label[id]').nth(3).locator('[data-testid=app-start-inline-picker]') passed (7ms)
             Query count locator('[title=""Project metadata""] label[id]').nth(3).locator('[data-testid=app-start-inline-picker]').first().locator('li') passed (6ms)
              Query count locator('[title=""Project metadata""] label[id]').nth(4).locator('[data-testid=app-start-select]') passed (7ms)
               Query count locator('[title=""Project metadata""] label[id]').nth(4).locator('[data-testid=app-start-inline-picker]') passed (10ms)
                Query count locator('[title=""Project metadata""] label[id]').nth(4).locator('[data-testid=app-start-inline-picker]').first().locator('li') passed (6ms)
                 Click getByText('Maven', { exact: true }) passed (39ms)
                  Click getByText('8', { exact: true }) passed (31ms)
                   Wait for event ""download"" passed (1s 46ms)
                    Click getByText('Download .zip') passed (65ms)
                     Wait for timeout passed (105ms)
                      Click getByText('Maven', { exact: true }) passed (39ms)
                       Click getByText('11', { exact: true }) passed (34ms)
                        Wait for event ""download"" passed (302ms)
                         Click getByText('Download .zip') passed (72ms)
                          Wait for timeout passed (108ms)
                           Click getByText('Maven', { exact: true }) passed (45ms)
                            Click getByText('17', { exact: true }) passed (35ms)
                             Wait for event ""download"" passed (300ms)
                              Click getByText('Download .zip') passed (69ms)
                               Wait for timeout passed (105ms)
                                Click getByText('Maven', { exact: true }) passed (45ms)
                                 Click getByText('21', { exact: true }) passed (35ms)
                                  Wait for event ""download"" passed (296ms)
                                   Click getByText('Download .zip') passed (70ms)
                                    Wait for timeout passed (105ms)
                                     Click getByText('Gradle', { exact: true }) passed (38ms)
                                      Click getByText('8', { exact: true }) passed (46ms)
                                       Wait for event ""download"" passed (283ms)
                                        Click getByText('Download .zip') passed (72ms)
                                         Wait for timeout passed (107ms)
                                          Click getByText('Gradle', { exact: true }) passed (48ms)
                                           Click getByText('11', { exact: true }) passed (38ms)
                                            Wait for event ""download"" passed (284ms)
                                             Click getByText('Download .zip') passed (65ms)
                                              Wait for timeout passed (105ms)
                                               Click getByText('Gradle', { exact: true }) passed (44ms)
                                                Click getByText('17', { exact: true }) passed (34ms)
                                                 Wait for event ""download"" passed (283ms)
                                                  Click getByText('Download .zip') passed (70ms)
                                                   Wait for timeout passed (105ms)
                                                    Click getByText('Gradle', { exact: true }) passed (47ms)
                                                     Click getByText('21', { exact: true }) passed (35ms)
                                                      Wait for event ""download"" passed (288ms)
                                                       Click getByText('Download .zip') passed (72ms)
                                                        Wait for timeout passed (107ms)
                                                         Click getByText('Gradle (Kotlin)', { exact: true }) passed (44ms)
                                                          Click getByText('8', { exact: true }) passed (34ms)
                                                           Wait for event ""download"" passed (282ms)
                                                            Click getByText('Download .zip') passed (67ms)
                                                             Wait for timeout passed (105ms)
                                                              Click getByText('Gradle (Kotlin)', { exact: true }) passed (48ms)
                                                               Click getByText('11', { exact: true }) passed (35ms)
                                                                Wait for event ""download"" passed (347ms)
                                                                 Click getByText('Download .zip') passed (69ms)
                                                                  Wait for timeout passed (104ms)
                                                                   Click getByText('Gradle (Kotlin)', { exact: true }) passed (48ms)
                                                                    Click getByText('17', { exact: true }) passed (36ms)
                                                                     Wait for event ""download"" passed (286ms)
                                                                      Click getByText('Download .zip') passed (68ms)
                                                                       Wait for timeout passed (105ms)
                                                                        Click getByText('Gradle (Kotlin)', { exact: true }) passed (46ms)
                                                                         Click getByText('21', { exact: true }) passed (50ms)
                                                                          Wait for event ""download"" passed (284ms)
                                                                           Click getByText('Download .zip') passed (67ms)
                                                                            Wait for timeout passed (105ms)
                                                                              After Hooks passed (278ms)
                                                                                Fixture ""page"" passed (0s)
                                                                                Fixture ""context"" passed (272ms)
                                                                                  Close context passed (6ms)","firefox","start.test.ts","kotlin","Start page","Kotlin","JUnit5"
"start.test.ts:82:5","""JUnit5""","broken","30s 152ms","Test timeout of 30000ms exceeded.","Test timeout of 30000ms exceeded.","Before Hooks passed (1s 32ms)
  beforeEach hook passed (1s 32ms)
    Fixture ""context"" passed (12ms)
      Create context passed (11ms)
    Fixture ""page"" passed (25ms)
      Create page passed (25ms)
    Navigate to ""/start"" passed (987ms)
 Navigate to ""/start"" passed (279ms)
  Click getByText('Kotlin') failed (28s 840ms)
      After Hooks passed (168ms)
        Fixture ""page"" passed (1ms)
        Fixture ""context"" passed (106ms)
          Close context passed (7ms)","chromium","start.test.ts","kotlin","Start page","Kotlin","JUnit5"
"start.test.ts:131:5","""JUnit5""","passed","8s 32ms",,,"Before Hooks passed (1s 687ms)
  beforeEach hook passed (1s 685ms)
    Fixture ""browser"" passed (302ms)
      Launch browser passed (299ms)
    Fixture ""context"" passed (59ms)
      Create context passed (53ms)
    Fixture ""page"" passed (465ms)
      Create page passed (464ms)
    Navigate to ""/start"" passed (848ms)
 Navigate to ""/start"" passed (374ms)
  Click getByText('Java', { exact: true }) passed (207ms)
   Click getByText('JUnit5', { exact: true }) passed (73ms)
    Query count locator('[title=""Project metadata""] label[id]') passed (7ms)
     Query count locator('[title=""Project metadata""] label[id]').first().locator('[data-testid=app-start-select]') passed (8ms)
      Query count locator('[title=""Project metadata""] label[id]').first().locator('[data-testid=app-start-inline-picker]') passed (20ms)
       Query count locator('[title=""Project metadata""] label[id]').nth(1).locator('[data-testid=app-start-select]') passed (60ms)
        Query count locator('[title=""Project metadata""] label[id]').nth(1).locator('[data-testid=app-start-inline-picker]') passed (10ms)
         Query count locator('[title=""Project metadata""] label[id]').nth(2).locator('[data-testid=app-start-select]') passed (6ms)
          Query count locator('[title=""Project metadata""] label[id]').nth(2).locator('[data-testid=app-start-inline-picker]') passed (6ms)
           Query count locator('[title=""Project metadata""] label[id]').nth(3).locator('[data-testid=app-start-select]') passed (10ms)
            Query count locator('[title=""Project metadata""] label[id]').nth(3).locator('[data-testid=app-start-inline-picker]') passed (7ms)
             Query count locator('[title=""Project metadata""] label[id]').nth(3).locator('[data-testid=app-start-inline-picker]').first().locator('li') passed (6ms)
              Query count locator('[title=""Project metadata""] label[id]').nth(4).locator('[data-testid=app-start-select]') passed (7ms)
               Query count locator('[title=""Project metadata""] label[id]').nth(4).locator('[data-testid=app-start-inline-picker]') passed (8ms)
                Query count locator('[title=""Project metadata""] label[id]').nth(4).locator('[data-testid=app-start-inline-picker]').first().locator('li') passed (7ms)
                 Click getByText('Maven', { exact: true }) passed (44ms)
                  Click getByText('8', { exact: true }) passed (32ms)
                   Wait for event ""download"" passed (1s 88ms)
                    Click getByText('Download .zip') passed (62ms)
                     Wait for timeout passed (107ms)
                      Click getByText('Maven', { exact: true }) passed (45ms)
                       Click getByText('11', { exact: true }) passed (35ms)
                        Wait for event ""download"" passed (269ms)
                         Click getByText('Download .zip') passed (71ms)
                          Wait for timeout passed (108ms)
                           Click getByText('Maven', { exact: true }) passed (45ms)
                            Click getByText('17', { exact: true }) passed (35ms)
                             Wait for event ""download"" passed (280ms)
                              Click getByText('Download .zip') passed (69ms)
                               Wait for timeout passed (109ms)
                                Click getByText('Maven', { exact: true }) passed (48ms)
                                 Click getByText('21', { exact: true }) passed (40ms)
                                  Wait for event ""download"" passed (300ms)
                                   Click getByText('Download .zip') passed (99ms)
                                    Wait for timeout passed (106ms)
                                     Click getByText('Gradle', { exact: true }) passed (46ms)
                                      Click getByText('8', { exact: true }) passed (49ms)
                                       Wait for event ""download"" passed (259ms)
                                        Click getByText('Download .zip') passed (70ms)
                                         Wait for timeout passed (105ms)
                                          Click getByText('Gradle', { exact: true }) passed (37ms)
                                           Click getByText('11', { exact: true }) passed (36ms)
                                            Wait for event ""download"" passed (265ms)
                                             Click getByText('Download .zip') passed (71ms)
                                              Wait for timeout passed (106ms)
                                               Click getByText('Gradle', { exact: true }) passed (45ms)
                                                Click getByText('17', { exact: true }) passed (54ms)
                                                 Wait for event ""download"" passed (273ms)
                                                  Click getByText('Download .zip') passed (85ms)
                                                   Wait for timeout passed (109ms)
                                                    Click getByText('Gradle', { exact: true }) passed (56ms)
                                                     Click getByText('21', { exact: true }) passed (35ms)
                                                      Wait for event ""download"" passed (273ms)
                                                       Click getByText('Download .zip') passed (68ms)
                                                        Wait for timeout passed (105ms)
                                                         Click getByText('Gradle (Kotlin)', { exact: true }) passed (43ms)
                                                          Click getByText('8', { exact: true }) passed (48ms)
                                                           Wait for event ""download"" passed (257ms)
                                                            Click getByText('Download .zip') passed (71ms)
                                                             Wait for timeout passed (107ms)
                                                              Click getByText('Gradle (Kotlin)', { exact: true }) passed (39ms)
                                                               Click getByText('11', { exact: true }) passed (35ms)
                                                                Wait for event ""download"" passed (256ms)
                                                                 Click getByText('Download .zip') passed (77ms)
                                                                  Wait for timeout passed (115ms)
                                                                   Click getByText('Gradle (Kotlin)', { exact: true }) passed (42ms)
                                                                    Click getByText('17', { exact: true }) passed (51ms)
                                                                     Wait for event ""download"" passed (271ms)
                                                                      Click getByText('Download .zip') passed (91ms)
                                                                       Wait for timeout passed (110ms)
                                                                        Click getByText('Gradle (Kotlin)', { exact: true }) passed (43ms)
                                                                         Click getByText('21', { exact: true }) passed (58ms)
                                                                          Wait for event ""download"" passed (278ms)
                                                                           Click getByText('Download .zip') passed (80ms)
                                                                            Wait for timeout passed (110ms)
                                                                              After Hooks passed (597ms)
                                                                                Fixture ""page"" passed (0s)
                                                                                Fixture ""context"" passed (589ms)
                                                                                  Close context passed (201ms)","firefox","start.test.ts","java","Start page","Java","JUnit5"
"start.test.ts:131:5","""JUnit5""","broken","30s 199ms","Test timeout of 30000ms exceeded.","Test timeout of 30000ms exceeded.","Before Hooks passed (1s 143ms)
  beforeEach hook passed (1s 143ms)
    Fixture ""browser"" passed (57ms)
      Launch browser passed (54ms)
    Fixture ""context"" passed (13ms)
      Create context passed (7ms)
    Fixture ""page"" passed (34ms)
      Create page passed (33ms)
    Navigate to ""/start"" passed (1s 25ms)
 Navigate to ""/start"" passed (236ms)
  Click getByText('Java', { exact: true }) failed (28s 851ms)
      After Hooks passed (204ms)
        Fixture ""page"" passed (0s)
        Fixture ""context"" passed (168ms)
          Close context passed (11ms)","chromium","start.test.ts","java","Start page","Java","JUnit5"
"start.test.ts:82:5","""JUnit5""","broken","30s 251ms","Test timeout of 30000ms exceeded.","Test timeout of 30000ms exceeded.","Before Hooks passed (1s 179ms)
  beforeEach hook passed (1s 178ms)
    Fixture ""context"" passed (4ms)
      Create context passed (3ms)
    Fixture ""page"" passed (165ms)
      Create page passed (164ms)
    Navigate to ""/start"" passed (1s 4ms)
 Navigate to ""/start"" passed (371ms)
  Click getByText('Kotlin') failed (28s 700ms)
      After Hooks passed (259ms)
        Fixture ""page"" passed (0s)
        Fixture ""context"" passed (114ms)
          Close context passed (2ms)","safari","start.test.ts","kotlin","Start page","Kotlin","JUnit5"
"start.test.ts:131:5","""JUnit5""","broken","30s 282ms","Test timeout of 30000ms exceeded.","Test timeout of 30000ms exceeded.","Before Hooks passed (1s 410ms)
  beforeEach hook passed (1s 409ms)
    Fixture ""browser"" passed (59ms)
      Launch browser passed (57ms)
    Fixture ""context"" passed (18ms)
      Create context passed (12ms)
    Fixture ""page"" passed (154ms)
      Create page passed (153ms)
    Navigate to ""/start"" passed (1s 168ms)
 Navigate to ""/start"" passed (405ms)
  Click getByText('Java', { exact: true }) failed (28s 503ms)
      After Hooks passed (291ms)
        Fixture ""page"" passed (0s)
        Fixture ""context"" passed (153ms)
          Close context passed (3ms)","safari","start.test.ts","java","Start page","Java","JUnit5"
"start.test.ts:82:5","""JUnit5""","broken","30s 372ms","Test timeout of 30000ms exceeded.","Test timeout of 30000ms exceeded.","Before Hooks passed (620ms)
  beforeEach hook passed (620ms)
    Fixture ""context"" passed (20ms)
      Create context passed (17ms)
    Fixture ""page"" passed (59ms)
      Create page passed (58ms)
    Navigate to ""/start"" passed (537ms)
 Navigate to ""/start"" passed (223ms)
  Click getByText('Kotlin') failed (29s 523ms)
      After Hooks passed (385ms)
        Fixture ""page"" passed (0s)
        Fixture ""context"" passed (258ms)
          Close context passed (35ms)","chromium","start.test.ts","kotlin","Start page","Kotlin","JUnit5"
"start.test.ts:131:5","""JUnit5""","broken","30s 678ms","Test timeout of 30000ms exceeded.","Test timeout of 30000ms exceeded.","Before Hooks passed (3s 22ms)
  beforeEach hook passed (3s 20ms)
    Fixture ""browser"" passed (306ms)
      Launch browser passed (298ms)
    Fixture ""context"" passed (21ms)
      Create context passed (12ms)
    Fixture ""page"" passed (143ms)
      Create page passed (142ms)
    Navigate to ""/start"" passed (2s 529ms)
 Navigate to ""/start"" passed (270ms)
  Click getByText('Java', { exact: true }) failed (27s 672ms)
      After Hooks passed (688ms)
        Fixture ""page"" passed (0s)
        Fixture ""context"" passed (617ms)
          Close context passed (86ms)","chromium","start.test.ts","java","Start page","Java","JUnit5"
"start.test.ts:82:5","""JUnit5""","broken","30s 384ms","Test timeout of 30000ms exceeded.","Test timeout of 30000ms exceeded.","Before Hooks passed (993ms)
  beforeEach hook passed (992ms)
    Fixture ""context"" passed (9ms)
      Create context passed (5ms)
    Fixture ""page"" passed (191ms)
      Create page passed (190ms)
    Navigate to ""/start"" passed (783ms)
 Navigate to ""/start"" passed (469ms)
  Click getByText('Kotlin') failed (28s 923ms)
      After Hooks passed (388ms)
        Fixture ""page"" passed (0s)
        Fixture ""context"" passed (330ms)
          Close context passed (9ms)","firefox","start.test.ts","kotlin","Start page","Kotlin","JUnit5"
"start.test.ts:131:5","""JUnit5""","broken","30s 295ms","Test timeout of 30000ms exceeded.","Test timeout of 30000ms exceeded.","Before Hooks passed (834ms)
  beforeEach hook passed (834ms)
    Fixture ""context"" passed (7ms)
      Create context passed (5ms)
    Fixture ""page"" passed (148ms)
      Create page passed (147ms)
    Navigate to ""/start"" passed (672ms)
 Navigate to ""/start"" passed (304ms)
  Click getByText('Java', { exact: true }) failed (29s 158ms)
      After Hooks passed (302ms)
        Fixture ""page"" passed (0s)
        Fixture ""context"" passed (236ms)
          Close context passed (11ms)","firefox","start.test.ts","java","Start page","Java","JUnit5"
"start.test.ts:82:5","""JUnit5""","broken","30s 233ms","Test timeout of 30000ms exceeded.","Test timeout of 30000ms exceeded.","Before Hooks passed (2s 524ms)
  beforeEach hook passed (2s 523ms)
    Fixture ""context"" passed (12ms)
      Create context passed (8ms)
    Fixture ""page"" passed (531ms)
      Create page passed (529ms)
    Navigate to ""/start"" passed (1s 967ms)
 Navigate to ""/start"" passed (1s 703ms)
  Click getByText('Kotlin') failed (26s 13ms)
      After Hooks passed (262ms)
        Fixture ""page"" passed (0s)
        Fixture ""context"" passed (129ms)
          Close context passed (47ms)","safari","start.test.ts","kotlin","Start page","Kotlin","JUnit5"
"start.test.ts:131:5","""JUnit5""","broken","30s 244ms","Test timeout of 30000ms exceeded.","Test timeout of 30000ms exceeded.","Before Hooks passed (2s 376ms)
  beforeEach hook passed (2s 375ms)
    Fixture ""browser"" passed (245ms)
      Launch browser passed (243ms)
    Fixture ""context"" passed (36ms)
      Create context passed (33ms)
    Fixture ""page"" passed (398ms)
      Create page passed (397ms)
    Navigate to ""/start"" passed (1s 688ms)
 Navigate to ""/start"" passed (632ms)
  Click getByText('Java', { exact: true }) failed (27s 456ms)
      After Hooks passed (277ms)
        Fixture ""page"" passed (1ms)
        Fixture ""context"" passed (133ms)
          Close context passed (7ms)","safari","start.test.ts","java","Start page","Java","JUnit5"
"start.test.ts:156:5","""NUnit""","passed","1s 944ms",,,"Before Hooks passed (904ms)
  beforeEach hook passed (902ms)
    Fixture ""context"" passed (8ms)
      Create context passed (5ms)
    Fixture ""page"" passed (139ms)
      Create page passed (137ms)
    Navigate to ""/start"" passed (750ms)
 Navigate to ""/start"" passed (589ms)
  Click getByText('C#', { exact: true }) passed (159ms)
   Click getByText('NUnit', { exact: true }) passed (65ms)
    Query count locator('[title=""Project metadata""] label[id]') passed (12ms)
     Query count locator('[title=""Project metadata""] label[id]').first().locator('[data-testid=app-start-select]') passed (15ms)
      Query count locator('[title=""Project metadata""] label[id]').first().locator('[data-testid=app-start-inline-picker]') passed (8ms)
       Query count locator('[title=""Project metadata""] label[id]').nth(1).locator('[data-testid=app-start-select]') passed (8ms)
        Query count locator('[title=""Project metadata""] label[id]').nth(1).locator('[data-testid=app-start-inline-picker]') passed (9ms)
          After Hooks passed (173ms)
            Fixture ""page"" passed (0s)
            Fixture ""context"" passed (167ms)
              Close context passed (6ms)","firefox","start.test.ts","csharp","Start page","C#","NUnit"
"start.test.ts:156:5","""NUnit""","broken","30s 145ms","Test timeout of 30000ms exceeded.","Test timeout of 30000ms exceeded.","Before Hooks passed (795ms)
  beforeEach hook passed (793ms)
    Fixture ""browser"" passed (52ms)
      Launch browser passed (48ms)
    Fixture ""context"" passed (13ms)
      Create context passed (9ms)
    Fixture ""page"" passed (31ms)
      Create page passed (30ms)
    Navigate to ""/start"" passed (686ms)
 Navigate to ""/start"" passed (272ms)
  Click getByText('C#', { exact: true }) failed (29s 106ms)
      After Hooks passed (151ms)
        Fixture ""page"" passed (0s)
        Fixture ""context"" passed (117ms)
          Close context passed (9ms)","chromium","start.test.ts","csharp","Start page","C#","NUnit"
"start.test.ts:156:5","""NUnit""","broken","30s 285ms","Test timeout of 30000ms exceeded.","Test timeout of 30000ms exceeded.","Before Hooks passed (1s 326ms)
  beforeEach hook passed (1s 325ms)
    Fixture ""browser"" passed (58ms)
      Launch browser passed (56ms)
    Fixture ""context"" passed (14ms)
      Create context passed (8ms)
    Fixture ""page"" passed (153ms)
      Create page passed (151ms)
    Navigate to ""/start"" passed (1s 87ms)
 Navigate to ""/start"" passed (399ms)
  Click getByText('C#', { exact: true }) failed (28s 595ms)
      After Hooks passed (297ms)
        Fixture ""page"" passed (0s)
        Fixture ""context"" passed (156ms)
          Close context passed (3ms)","safari","start.test.ts","csharp","Start page","C#","NUnit"
"start.test.ts:156:5","""NUnit""","broken","30s 320ms","Test timeout of 30000ms exceeded.","Test timeout of 30000ms exceeded.","Before Hooks passed (2s 868ms)
  beforeEach hook passed (2s 867ms)
    Fixture ""browser"" passed (249ms)
      Launch browser passed (244ms)
    Fixture ""context"" passed (24ms)
      Create context passed (11ms)
    Fixture ""page"" passed (174ms)
      Create page passed (171ms)
    Navigate to ""/start"" passed (2s 405ms)
 Navigate to ""/start"" passed (363ms)
  Click getByText('C#', { exact: true }) failed (27s 164ms)
      After Hooks passed (317ms)
        Fixture ""page"" passed (0s)
        Fixture ""context"" passed (248ms)
          Close context passed (24ms)","chromium","start.test.ts","csharp","Start page","C#","NUnit"
"start.test.ts:156:5","""NUnit""","broken","30s 438ms","Test timeout of 30000ms exceeded.","Test timeout of 30000ms exceeded.","Before Hooks passed (2s 883ms)
  beforeEach hook passed (2s 882ms)
    Fixture ""browser"" passed (1s 169ms)
      Launch browser passed (1s 167ms)
    Fixture ""context"" passed (138ms)
      Create context passed (78ms)
    Fixture ""page"" passed (631ms)
      Create page passed (630ms)
    Navigate to ""/start"" passed (932ms)
 Navigate to ""/start"" passed (446ms)
  Click getByText('C#', { exact: true }) failed (28s 222ms)
      After Hooks passed (442ms)
        Fixture ""page"" passed (0s)
        Fixture ""context"" passed (382ms)
          Close context passed (53ms)","firefox","start.test.ts","csharp","Start page","C#","NUnit"
"start.test.ts:156:5","""NUnit""","broken","30s 271ms","Test timeout of 30000ms exceeded.","Test timeout of 30000ms exceeded.","Before Hooks passed (2s 339ms)
  beforeEach hook passed (2s 338ms)
    Fixture ""browser"" passed (279ms)
      Launch browser passed (277ms)
    Fixture ""context"" passed (29ms)
      Create context passed (26ms)
    Fixture ""page"" passed (412ms)
      Create page passed (412ms)
    Navigate to ""/start"" passed (1s 609ms)
 Navigate to ""/start"" passed (1s 124ms)
  Click getByText('C#', { exact: true }) failed (27s 61ms)
      After Hooks passed (322ms)
        Fixture ""page"" passed (1ms)
        Fixture ""context"" passed (146ms)
          Close context passed (13ms)","safari","start.test.ts","csharp","Start page","C#","NUnit"
"start.test.ts:104:5","""PHPUnit""","broken","30s 251ms","Test timeout of 30000ms exceeded.","Test timeout of 30000ms exceeded.","Before Hooks passed (854ms)
  beforeEach hook passed (854ms)
    Fixture ""context"" passed (5ms)
      Create context passed (3ms)
    Fixture ""page"" passed (131ms)
      Create page passed (131ms)
    Navigate to ""/start"" passed (713ms)
 Navigate to ""/start"" passed (255ms)
  Click getByText('PHP') failed (29s 139ms)
      After Hooks passed (256ms)
        Fixture ""page"" passed (0s)
        Fixture ""context"" passed (231ms)
          Close context passed (7ms)","firefox","start.test.ts","php","Start page","PHP","PHPUnit"
"start.test.ts:104:5","""PHPUnit""","broken","30s 194ms","Test timeout of 30000ms exceeded.","Test timeout of 30000ms exceeded.","Before Hooks passed (1s 419ms)
  beforeEach hook passed (1s 417ms)
    Fixture ""browser"" passed (56ms)
      Launch browser passed (53ms)
    Fixture ""context"" passed (13ms)
      Create context passed (7ms)
    Fixture ""page"" passed (34ms)
      Create page passed (32ms)
    Navigate to ""/start"" passed (1s 301ms)
 Navigate to ""/start"" passed (356ms)
  Click getByText('PHP') failed (28s 437ms)
      After Hooks passed (199ms)
        Fixture ""page"" passed (0s)
        Fixture ""context"" passed (160ms)
          Close context passed (11ms)","chromium","start.test.ts","php","Start page","PHP","PHPUnit"
"start.test.ts:104:5","""PHPUnit""","broken","30s 277ms","Test timeout of 30000ms exceeded.","Test timeout of 30000ms exceeded.","Before Hooks passed (1s 421ms)
  beforeEach hook passed (1s 420ms)
    Fixture ""browser"" passed (59ms)
      Launch browser passed (56ms)
    Fixture ""context"" passed (16ms)
      Create context passed (10ms)
    Fixture ""page"" passed (149ms)
      Create page passed (147ms)
    Navigate to ""/start"" passed (1s 185ms)
 Navigate to ""/start"" passed (422ms)
  Click getByText('PHP') failed (28s 464ms)
      After Hooks passed (286ms)
        Fixture ""page"" passed (0s)
        Fixture ""context"" passed (147ms)
          Close context passed (3ms)","safari","start.test.ts","php","Start page","PHP","PHPUnit"
"start.test.ts:104:5","""PHPUnit""","broken","30s 460ms","Test timeout of 30000ms exceeded.","Test timeout of 30000ms exceeded.","Before Hooks passed (2s 858ms)
  beforeEach hook passed (2s 856ms)
    Fixture ""browser"" passed (306ms)
      Launch browser passed (303ms)
    Fixture ""context"" passed (16ms)
      Create context passed (8ms)
    Fixture ""page"" passed (131ms)
      Create page passed (129ms)
    Navigate to ""/start"" passed (2s 382ms)
 Navigate to ""/start"" passed (274ms)
  Click getByText('PHP') failed (27s 580ms)
      After Hooks passed (464ms)
        Fixture ""page"" passed (1ms)
        Fixture ""context"" passed (382ms)
          Close context passed (37ms)","chromium","start.test.ts","php","Start page","PHP","PHPUnit"
"start.test.ts:104:5","""PHPUnit""","passed","4s 675ms",,,"Before Hooks passed (3s 768ms)
  beforeEach hook passed (3s 768ms)
    Fixture ""browser"" passed (1s 796ms)
      Launch browser passed (1s 794ms)
    Fixture ""context"" passed (98ms)
      Create context passed (88ms)
    Fixture ""page"" passed (707ms)
      Create page passed (706ms)
    Navigate to ""/start"" passed (1s 158ms)
 Navigate to ""/start"" passed (393ms)
  Click getByText('PHP') passed (200ms)
   Click getByText('PHPUnit', { exact: true }) passed (109ms)
    Query count locator('[title=""Project metadata""] label[id]') passed (17ms)
     Query count locator('[title=""Project metadata""] label[id]').first().locator('[data-testid=app-start-select]') passed (20ms)
      Query count locator('[title=""Project metadata""] label[id]').first().locator('[data-testid=app-start-inline-picker]') passed (5ms)
       Query count locator('[title=""Project metadata""] label[id]').nth(1).locator('[data-testid=app-start-select]') passed (10ms)
        Query count locator('[title=""Project metadata""] label[id]').nth(1).locator('[data-testid=app-start-inline-picker]') passed (6ms)
         Query count locator('[title=""Project metadata""] label[id]').nth(2).locator('[data-testid=app-start-select]') passed (5ms)
          Query count locator('[title=""Project metadata""] label[id]').nth(2).locator('[data-testid=app-start-inline-picker]') passed (7ms)
           Query count locator('[title=""Project metadata""] label[id]').nth(3).locator('[data-testid=app-start-select]') passed (5ms)
            Query count locator('[title=""Project metadata""] label[id]').nth(3).locator('[data-testid=app-start-inline-picker]') passed (5ms)
             Query count locator('[title=""Project metadata""] label[id]').nth(3).locator('[data-testid=app-start-inline-picker]').first().locator('li') passed (6ms)
              Click getByText('php8.1', { exact: true }) passed (43ms)
               Wait for event ""download"" passed (761ms)
                Click getByText('Download .zip') passed (95ms)
                 Wait for timeout passed (106ms)
                  Click getByText('php8.2', { exact: true }) passed (61ms)
                   Wait for event ""download"" passed (247ms)
                    Click getByText('Download .zip') passed (93ms)
                     Wait for timeout passed (113ms)
                      Click getByText('php8.3', { exact: true }) passed (49ms)
                       Wait for event ""download"" passed (499ms)
                        Click getByText('Download .zip') passed (68ms)
                         Wait for timeout passed (109ms)
                           After Hooks passed (179ms)
                             Fixture ""page"" passed (0s)
                             Fixture ""context"" passed (171ms)
                               Close context passed (12ms)","firefox","start.test.ts","php","Start page","PHP","PHPUnit"
"start.test.ts:104:5","""PHPUnit""","broken","30s 278ms","Test timeout of 30000ms exceeded.","Test timeout of 30000ms exceeded.","Before Hooks passed (2s 758ms)
  beforeEach hook passed (2s 756ms)
    Fixture ""browser"" passed (345ms)
      Launch browser passed (342ms)
    Fixture ""context"" passed (42ms)
      Create context passed (37ms)
    Fixture ""page"" passed (472ms)
      Create page passed (471ms)
    Navigate to ""/start"" passed (1s 878ms)
 Navigate to ""/start"" passed (1s 435ms)
  Click getByText('PHP') failed (26s 356ms)
      After Hooks passed (286ms)
        Fixture ""page"" passed (0s)
        Fixture ""context"" passed (179ms)
          Close context passed (12ms)","safari","start.test.ts","php","Start page","PHP","PHPUnit"
"start.test.ts:27:5","""Playwright""","passed","6s 296ms",,,"Before Hooks passed (847ms)
  beforeEach hook passed (847ms)
    Fixture ""context"" passed (6ms)
      Create context passed (4ms)
    Fixture ""page"" passed (134ms)
      Create page passed (133ms)
    Navigate to ""/start"" passed (700ms)
 Navigate to ""/start"" passed (387ms)
  Click getByText('JavaScript') passed (179ms)
   Click getByText('Playwright', { exact: true }) passed (129ms)
    Query count locator('[title=""Project metadata""] label[id]') passed (130ms)
     Query count locator('[title=""Project metadata""] label[id]').first().locator('[data-testid=app-start-select]') passed (29ms)
      Query count locator('[title=""Project metadata""] label[id]').first().locator('[data-testid=app-start-inline-picker]') passed (7ms)
       Query count locator('[title=""Project metadata""] label[id]').nth(1).locator('[data-testid=app-start-select]') passed (8ms)
        Query count locator('[title=""Project metadata""] label[id]').nth(1).locator('[data-testid=app-start-inline-picker]') passed (8ms)
         Query count locator('[title=""Project metadata""] label[id]').nth(1).locator('[data-testid=app-start-inline-picker]').first().locator('li') passed (7ms)
          Query count locator('[title=""Project metadata""] label[id]').nth(2).locator('[data-testid=app-start-select]') passed (8ms)
           Query count locator('[title=""Project metadata""] label[id]').nth(2).locator('[data-testid=app-start-inline-picker]') passed (8ms)
            Query count locator('[title=""Project metadata""] label[id]').nth(2).locator('[data-testid=app-start-inline-picker]').first().locator('li') passed (7ms)
             Click getByText('cjs', { exact: true }) passed (37ms)
              Click getByText('npm', { exact: true }) passed (28ms)
               Wait for event ""download"" passed (935ms)
                Click getByText('Download .zip') passed (68ms)
                 Wait for timeout passed (105ms)
                  Click getByText('cjs', { exact: true }) passed (51ms)
                   Click getByText('yarn', { exact: true }) passed (36ms)
                    Wait for event ""download"" passed (1s 244ms)
                     Click getByText('Download .zip') passed (72ms)
                      Wait for timeout passed (107ms)
                       Click getByText('cjs', { exact: true }) passed (50ms)
                        Click getByText('pnpm', { exact: true }) passed (36ms)
                         Wait for event ""download"" passed (274ms)
                          Click getByText('Download .zip') passed (71ms)
                           Wait for timeout passed (106ms)
                            Click getByText('esm', { exact: true }) passed (41ms)
                             Click getByText('npm', { exact: true }) passed (48ms)
                              Wait for event ""download"" passed (554ms)
                               Click getByText('Download .zip') passed (73ms)
                                Wait for timeout passed (105ms)
                                 Click getByText('esm', { exact: true }) passed (43ms)
                                  Click getByText('yarn', { exact: true }) passed (35ms)
                                   Wait for event ""download"" passed (430ms)
                                    Click getByText('Download .zip') passed (70ms)
                                     Wait for timeout passed (106ms)
                                      Click getByText('esm', { exact: true }) passed (51ms)
                                       Click getByText('pnpm', { exact: true }) passed (35ms)
                                        Wait for event ""download"" passed (263ms)
                                         Click getByText('Download .zip') passed (70ms)
                                          Wait for timeout passed (107ms)
                                            After Hooks passed (286ms)
                                              Fixture ""page"" passed (0s)
                                              Fixture ""context"" passed (279ms)
                                                Close context passed (6ms)","firefox","start.test.ts","js","Start page","JavaScript","Playwright"
"start.test.ts:57:5","""Playwright""","passed","4s 933ms",,,"Before Hooks passed (768ms)
  beforeEach hook passed (767ms)
    Fixture ""context"" passed (5ms)
      Create context passed (3ms)
    Fixture ""page"" passed (128ms)
      Create page passed (127ms)
    Navigate to ""/start"" passed (630ms)
 Click getByText('TypeScript') passed (175ms)
  Click getByText('Playwright', { exact: true }) passed (78ms)
   Query count locator('[title=""Project metadata""] label[id]') passed (22ms)
    Query count locator('[title=""Project metadata""] label[id]').first().locator('[data-testid=app-start-select]') passed (9ms)
     Query count locator('[title=""Project metadata""] label[id]').first().locator('[data-testid=app-start-inline-picker]') passed (10ms)
      Query count locator('[title=""Project metadata""] label[id]').nth(1).locator('[data-testid=app-start-select]') passed (10ms)
       Query count locator('[title=""Project metadata""] label[id]').nth(1).locator('[data-testid=app-start-inline-picker]') passed (7ms)
        Query count locator('[title=""Project metadata""] label[id]').nth(1).locator('[data-testid=app-start-inline-picker]').first().locator('li') passed (12ms)
         Query count locator('[title=""Project metadata""] label[id]').nth(2).locator('[data-testid=app-start-select]') passed (12ms)
          Query count locator('[title=""Project metadata""] label[id]').nth(2).locator('[data-testid=app-start-inline-picker]') passed (10ms)
           Query count locator('[title=""Project metadata""] label[id]').nth(2).locator('[data-testid=app-start-inline-picker]').first().locator('li') passed (9ms)
            Click getByText('cjs', { exact: true }) passed (65ms)
             Click getByText('npm', { exact: true }) passed (46ms)
              Wait for event ""download"" passed (881ms)
               Click getByText('Download .zip') passed (78ms)
                Wait for timeout passed (104ms)
                 Click getByText('cjs', { exact: true }) passed (56ms)
                  Click getByText('yarn', { exact: true }) passed (51ms)
                   Wait for event ""download"" passed (682ms)
                    Click getByText('Download .zip') passed (86ms)
                     Wait for timeout passed (106ms)
                      Click getByText('cjs', { exact: true }) passed (48ms)
                       Click getByText('pnpm', { exact: true }) passed (33ms)
                        Wait for event ""download"" passed (221ms)
                         Click getByText('Download .zip') passed (70ms)
                          Wait for timeout passed (105ms)
                           Click getByText('esm', { exact: true }) passed (62ms)
                            Click getByText('npm', { exact: true }) passed (48ms)
                             Wait for event ""download"" passed (215ms)
                              Click getByText('Download .zip') passed (70ms)
                               Wait for timeout passed (105ms)
                                Click getByText('esm', { exact: true }) passed (48ms)
                                 Click getByText('yarn', { exact: true }) passed (35ms)
                                  Wait for event ""download"" passed (685ms)
                                   Click getByText('Download .zip') passed (70ms)
                                    Wait for timeout passed (106ms)
                                     Click getByText('esm', { exact: true }) passed (61ms)
                                      Click getByText('pnpm', { exact: true }) passed (37ms)
                                       Wait for event ""download"" passed (215ms)
                                        Click getByText('Download .zip') passed (69ms)
                                         Wait for timeout passed (105ms)
                                           After Hooks passed (270ms)
                                             Fixture ""page"" passed (0s)
                                             Fixture ""context"" passed (265ms)
                                               Close context passed (8ms)","firefox","start.test.ts","ts","Start page","TypeScript","Playwright"
"start.test.ts:27:5","""Playwright""","broken","30s 203ms","Test timeout of 30000ms exceeded.","Test timeout of 30000ms exceeded.","Before Hooks passed (1s 304ms)
  beforeEach hook passed (1s 304ms)
    Fixture ""browser"" passed (176ms)
      Launch browser passed (172ms)
    Fixture ""context"" passed (18ms)
      Create context passed (8ms)
    Fixture ""page"" passed (54ms)
      Create page passed (51ms)
    Navigate to ""/start"" passed (1s 40ms)
 Navigate to ""/start"" passed (326ms)
  Click getByText('JavaScript') failed (28s 724ms)
      After Hooks passed (209ms)
        Fixture ""page"" passed (0s)
        Fixture ""context"" passed (159ms)
          Close context passed (7ms)","chromium","start.test.ts","js","Start page","JavaScript","Playwright"
"start.test.ts:57:5","""Playwright""","passed","4s 515ms",,,"Before Hooks passed (1s 180ms)
  beforeEach hook passed (1s 178ms)
    Fixture ""browser"" passed (52ms)
      Launch browser passed (49ms)
    Fixture ""context"" passed (14ms)
      Create context passed (8ms)
    Fixture ""page"" passed (30ms)
      Create page passed (29ms)
    Navigate to ""/start"" passed (1s 67ms)
 Click getByText('TypeScript') passed (48ms)
  Click getByText('Playwright', { exact: true }) passed (28ms)
   Query count locator('[title=""Project metadata""] label[id]') passed (12ms)
    Query count locator('[title=""Project metadata""] label[id]').first().locator('[data-testid=app-start-select]') passed (6ms)
     Query count locator('[title=""Project metadata""] label[id]').first().locator('[data-testid=app-start-inline-picker]') passed (4ms)
      Query count locator('[title=""Project metadata""] label[id]').nth(1).locator('[data-testid=app-start-select]') passed (4ms)
       Query count locator('[title=""Project metadata""] label[id]').nth(1).locator('[data-testid=app-start-inline-picker]') passed (5ms)
        Query count locator('[title=""Project metadata""] label[id]').nth(1).locator('[data-testid=app-start-inline-picker]').first().locator('li') passed (4ms)
         Query count locator('[title=""Project metadata""] label[id]').nth(2).locator('[data-testid=app-start-select]') passed (16ms)
          Query count locator('[title=""Project metadata""] label[id]').nth(2).locator('[data-testid=app-start-inline-picker]') passed (11ms)
           Query count locator('[title=""Project metadata""] label[id]').nth(2).locator('[data-testid=app-start-inline-picker]').first().locator('li') passed (20ms)
            Click getByText('cjs', { exact: true }) passed (10ms)
             Click getByText('npm', { exact: true }) passed (14ms)
              Wait for event ""download"" passed (842ms)
               Click getByText('Download .zip') passed (50ms)
                Wait for timeout passed (114ms)
                 Click getByText('cjs', { exact: true }) passed (22ms)
                  Click getByText('yarn', { exact: true }) passed (17ms)
                   Wait for event ""download"" passed (641ms)
                    Click getByText('Download .zip') passed (51ms)
                     Wait for timeout passed (106ms)
                      Click getByText('cjs', { exact: true }) passed (22ms)
                       Click getByText('pnpm', { exact: true }) passed (19ms)
                        Wait for event ""download"" passed (194ms)
                         Click getByText('Download .zip') passed (49ms)
                          Wait for timeout passed (104ms)
                           Click getByText('esm', { exact: true }) passed (20ms)
                            Click getByText('npm', { exact: true }) passed (16ms)
                             Wait for event ""download"" passed (187ms)
                              Click getByText('Download .zip') passed (48ms)
                               Wait for timeout passed (107ms)
                                Click getByText('esm', { exact: true }) passed (18ms)
                                 Click getByText('yarn', { exact: true }) passed (15ms)
                                  Wait for event ""download"" passed (646ms)
                                   Click getByText('Download .zip') passed (40ms)
                                    Wait for timeout passed (105ms)
                                     Click getByText('esm', { exact: true }) passed (27ms)
                                      Click getByText('pnpm', { exact: true }) passed (19ms)
                                       Wait for event ""download"" passed (195ms)
                                        Click getByText('Download .zip') passed (48ms)
                                         Wait for timeout passed (104ms)
                                           After Hooks passed (207ms)
                                             Fixture ""page"" passed (0s)
                                             Fixture ""context"" passed (202ms)
                                               Close context passed (5ms)","chromium","start.test.ts","ts","Start page","TypeScript","Playwright"
"start.test.ts:27:5","""Playwright""","broken","30s 238ms","Test timeout of 30000ms exceeded.","Test timeout of 30000ms exceeded.","Before Hooks passed (1s 670ms)
  beforeEach hook passed (1s 670ms)
    Fixture ""context"" passed (4ms)
      Create context passed (2ms)
    Fixture ""page"" passed (142ms)
      Create page passed (142ms)
    Navigate to ""/start"" passed (1s 519ms)
 Navigate to ""/start"" passed (427ms)
  Click getByText('JavaScript') failed (28s 139ms)
      After Hooks passed (246ms)
        Fixture ""page"" passed (0s)
        Fixture ""context"" passed (109ms)
          Close context passed (3ms)","safari","start.test.ts","js","Start page","JavaScript","Playwright"
"start.test.ts:57:5","""Playwright""","passed","8s 327ms",,,"Before Hooks passed (1s 353ms)
  beforeEach hook passed (1s 352ms)
    Fixture ""browser"" passed (60ms)
      Launch browser passed (57ms)
    Fixture ""context"" passed (15ms)
      Create context passed (9ms)
    Fixture ""page"" passed (152ms)
      Create page passed (150ms)
    Navigate to ""/start"" passed (1s 112ms)
 Click getByText('TypeScript') passed (62ms)
  Click getByText('Playwright', { exact: true }) passed (144ms)
   Query count locator('[title=""Project metadata""] label[id]') passed (13ms)
    Query count locator('[title=""Project metadata""] label[id]').first().locator('[data-testid=app-start-select]') passed (51ms)
     Query count locator('[title=""Project metadata""] label[id]').first().locator('[data-testid=app-start-inline-picker]') passed (20ms)
      Query count locator('[title=""Project metadata""] label[id]').nth(1).locator('[data-testid=app-start-select]') passed (10ms)
       Query count locator('[title=""Project metadata""] label[id]').nth(1).locator('[data-testid=app-start-inline-picker]') passed (10ms)
        Query count locator('[title=""Project metadata""] label[id]').nth(1).locator('[data-testid=app-start-inline-picker]').first().locator('li') passed (11ms)
         Query count locator('[title=""Project metadata""] label[id]').nth(2).locator('[data-testid=app-start-select]') passed (9ms)
          Query count locator('[title=""Project metadata""] label[id]').nth(2).locator('[data-testid=app-start-inline-picker]') passed (14ms)
           Query count locator('[title=""Project metadata""] label[id]').nth(2).locator('[data-testid=app-start-inline-picker]').first().locator('li') passed (37ms)
            Click getByText('cjs', { exact: true }) passed (31ms)
             Click getByText('npm', { exact: true }) passed (27ms)
              Wait for event ""download"" passed (1s 199ms)
               Click getByText('Download .zip') passed (243ms)
                Wait for timeout passed (127ms)
                 Click getByText('cjs', { exact: true }) passed (18ms)
                  Click getByText('yarn', { exact: true }) passed (21ms)
                   Wait for event ""download"" passed (1s 285ms)
                    Click getByText('Download .zip') passed (155ms)
                     Wait for timeout passed (113ms)
                      Click getByText('cjs', { exact: true }) passed (82ms)
                       Click getByText('pnpm', { exact: true }) passed (112ms)
                        Wait for event ""download"" passed (655ms)
                         Click getByText('Download .zip') passed (91ms)
                          Wait for timeout passed (126ms)
                           Click getByText('esm', { exact: true }) passed (28ms)
                            Click getByText('npm', { exact: true }) passed (96ms)
                             Wait for event ""download"" passed (611ms)
                              Click getByText('Download .zip') passed (106ms)
                               Wait for timeout passed (110ms)
                                Click getByText('esm', { exact: true }) passed (22ms)
                                 Click getByText('yarn', { exact: true }) passed (63ms)
                                  Wait for event ""download"" passed (985ms)
                                   Click getByText('Download .zip') passed (141ms)
                                    Wait for timeout passed (125ms)
                                     Click getByText('esm', { exact: true }) passed (56ms)
                                      Click getByText('pnpm', { exact: true }) passed (91ms)
                                       Wait for event ""download"" passed (540ms)
                                        Click getByText('Download .zip') passed (111ms)
                                         Wait for timeout passed (144ms)
                                           After Hooks passed (620ms)
                                             Fixture ""page"" passed (0s)
                                             Fixture ""context"" passed (613ms)
                                               Close context passed (5ms)","safari","start.test.ts","ts","Start page","TypeScript","Playwright"
"start.test.ts:27:5","""Playwright""","broken","30s 327ms","Test timeout of 30000ms exceeded.","Test timeout of 30000ms exceeded.","Before Hooks passed (973ms)
  beforeEach hook passed (972ms)
    Fixture ""context"" passed (3ms)
      Create context passed (2ms)
    Fixture ""page"" passed (88ms)
      Create page passed (87ms)
    Navigate to ""/start"" passed (876ms)
 Navigate to ""/start"" passed (363ms)
  Click getByText('JavaScript') failed (28s 963ms)
      After Hooks passed (340ms)
        Fixture ""page"" passed (0s)
        Fixture ""context"" passed (250ms)
          Close context passed (43ms)","chromium","start.test.ts","js","Start page","JavaScript","Playwright"
"start.test.ts:57:5","""Playwright""","passed","6s 644ms",,,"Before Hooks passed (3s 44ms)
  beforeEach hook passed (3s 42ms)
    Fixture ""browser"" passed (298ms)
      Launch browser passed (291ms)
    Fixture ""context"" passed (12ms)
      Create context passed (9ms)
    Fixture ""page"" passed (152ms)
      Create page passed (151ms)
    Navigate to ""/start"" passed (2s 562ms)
 Click getByText('TypeScript') passed (89ms)
  Click getByText('Playwright', { exact: true }) passed (32ms)
   Query count locator('[title=""Project metadata""] label[id]') passed (8ms)
    Query count locator('[title=""Project metadata""] label[id]').first().locator('[data-testid=app-start-select]') passed (11ms)
     Query count locator('[title=""Project metadata""] label[id]').first().locator('[data-testid=app-start-inline-picker]') passed (5ms)
      Query count locator('[title=""Project metadata""] label[id]').nth(1).locator('[data-testid=app-start-select]') passed (8ms)
       Query count locator('[title=""Project metadata""] label[id]').nth(1).locator('[data-testid=app-start-inline-picker]') passed (7ms)
        Query count locator('[title=""Project metadata""] label[id]').nth(1).locator('[data-testid=app-start-inline-picker]').first().locator('li') passed (10ms)
         Query count locator('[title=""Project metadata""] label[id]').nth(2).locator('[data-testid=app-start-select]') passed (30ms)
          Query count locator('[title=""Project metadata""] label[id]').nth(2).locator('[data-testid=app-start-inline-picker]') passed (16ms)
           Query count locator('[title=""Project metadata""] label[id]').nth(2).locator('[data-testid=app-start-inline-picker]').first().locator('li') passed (11ms)
            Click getByText('cjs', { exact: true }) passed (20ms)
             Click getByText('npm', { exact: true }) passed (20ms)
              Wait for event ""download"" passed (1s 55ms)
               Click getByText('Download .zip') passed (71ms)
                Wait for timeout passed (111ms)
                 Click getByText('cjs', { exact: true }) passed (23ms)
                  Click getByText('yarn', { exact: true }) passed (32ms)
                   Wait for event ""download"" passed (1s 31ms)
                    Click getByText('Download .zip') passed (60ms)
                     Wait for timeout passed (106ms)
                      Click getByText('cjs', { exact: true }) passed (15ms)
                       Click getByText('pnpm', { exact: true }) passed (13ms)
                        Wait for event ""download"" passed (199ms)
                         Click getByText('Download .zip') passed (37ms)
                          Wait for timeout passed (106ms)
                           Click getByText('esm', { exact: true }) passed (43ms)
                            Click getByText('npm', { exact: true }) passed (21ms)
                             Wait for event ""download"" passed (203ms)
                              Click getByText('Download .zip') passed (50ms)
                               Wait for timeout passed (104ms)
                                Click getByText('esm', { exact: true }) passed (15ms)
                                 Click getByText('yarn', { exact: true }) passed (12ms)
                                  Wait for event ""download"" passed (287ms)
                                   Click getByText('Download .zip') passed (41ms)
                                    Wait for timeout passed (105ms)
                                     Click getByText('esm', { exact: true }) passed (20ms)
                                      Click getByText('pnpm', { exact: true }) passed (29ms)
                                       Wait for event ""download"" passed (207ms)
                                        Click getByText('Download .zip') passed (51ms)
                                         Wait for timeout passed (109ms)
                                           After Hooks passed (284ms)
                                             Fixture ""page"" passed (0s)
                                             Fixture ""context"" passed (279ms)
                                               Close context passed (12ms)","chromium","start.test.ts","ts","Start page","TypeScript","Playwright"
"start.test.ts:27:5","""Playwright""","broken","30s 817ms","Test timeout of 30000ms exceeded.","Test timeout of 30000ms exceeded.","Before Hooks passed (939ms)
  beforeEach hook passed (939ms)
    Fixture ""context"" passed (4ms)
      Create context passed (3ms)
    Fixture ""page"" passed (162ms)
      Create page passed (162ms)
    Navigate to ""/start"" passed (768ms)
 Navigate to ""/start"" passed (382ms)
  Click getByText('JavaScript') failed (29s 475ms)
      After Hooks passed (834ms)
        Fixture ""page"" passed (0s)
        Fixture ""context"" passed (723ms)
          Close context passed (36ms)","firefox","start.test.ts","js","Start page","JavaScript","Playwright"
"start.test.ts:57:5","""Playwright""","passed","7s 202ms",,,"Before Hooks passed (3s 129ms)
  beforeEach hook passed (3s 128ms)
    Fixture ""browser"" passed (1s 320ms)
      Launch browser passed (1s 315ms)
    Fixture ""context"" passed (99ms)
      Create context passed (84ms)
    Fixture ""page"" passed (722ms)
      Create page passed (721ms)
    Navigate to ""/start"" passed (971ms)
 Click getByText('TypeScript') passed (318ms)
  Click getByText('Playwright', { exact: true }) passed (179ms)
   Query count locator('[title=""Project metadata""] label[id]') passed (34ms)
    Query count locator('[title=""Project metadata""] label[id]').first().locator('[data-testid=app-start-select]') passed (21ms)
     Query count locator('[title=""Project metadata""] label[id]').first().locator('[data-testid=app-start-inline-picker]') passed (10ms)
      Query count locator('[title=""Project metadata""] label[id]').nth(1).locator('[data-testid=app-start-select]') passed (9ms)
       Query count locator('[title=""Project metadata""] label[id]').nth(1).locator('[data-testid=app-start-inline-picker]') passed (8ms)
        Query count locator('[title=""Project metadata""] label[id]').nth(1).locator('[data-testid=app-start-inline-picker]').first().locator('li') passed (6ms)
         Query count locator('[title=""Project metadata""] label[id]').nth(2).locator('[data-testid=app-start-select]') passed (7ms)
          Query count locator('[title=""Project metadata""] label[id]').nth(2).locator('[data-testid=app-start-inline-picker]') passed (9ms)
           Query count locator('[title=""Project metadata""] label[id]').nth(2).locator('[data-testid=app-start-inline-picker]').first().locator('li') passed (12ms)
            Click getByText('cjs', { exact: true }) passed (51ms)
             Click getByText('npm', { exact: true }) passed (48ms)
              Wait for event ""download"" passed (1s 48ms)
               Click getByText('Download .zip') passed (91ms)
                Wait for timeout passed (108ms)
                 Click getByText('cjs', { exact: true }) passed (63ms)
                  Click getByText('yarn', { exact: true }) passed (53ms)
                   Wait for event ""download"" passed (859ms)
                    Click getByText('Download .zip') passed (93ms)
                     Wait for timeout passed (113ms)
                      Click getByText('cjs', { exact: true }) passed (55ms)
                       Click getByText('pnpm', { exact: true }) passed (72ms)
                        Wait for event ""download"" passed (530ms)
                         Click getByText('Download .zip') passed (109ms)
                          Wait for timeout passed (115ms)
                           Click getByText('esm', { exact: true }) passed (63ms)
                            Click getByText('npm', { exact: true }) passed (41ms)
                             Wait for event ""download"" passed (237ms)
                              Click getByText('Download .zip') passed (78ms)
                               Wait for timeout passed (108ms)
                                Click getByText('esm', { exact: true }) passed (53ms)
                                 Click getByText('yarn', { exact: true }) passed (44ms)
                                  Wait for event ""download"" passed (797ms)
                                   Click getByText('Download .zip') passed (81ms)
                                    Wait for timeout passed (109ms)
                                     Click getByText('esm', { exact: true }) passed (54ms)
                                      Click getByText('pnpm', { exact: true }) passed (62ms)
                                       Wait for event ""download"" passed (252ms)
                                        Click getByText('Download .zip') passed (100ms)
                                         Wait for timeout passed (108ms)
                                           After Hooks passed (214ms)
                                             Fixture ""page"" passed (0s)
                                             Fixture ""context"" passed (207ms)
                                               Close context passed (15ms)","firefox","start.test.ts","ts","Start page","TypeScript","Playwright"
"start.test.ts:27:5","""Playwright""","broken","30s 188ms","Test timeout of 30000ms exceeded.","Test timeout of 30000ms exceeded.","Before Hooks passed (2s 605ms)
  beforeEach hook passed (2s 604ms)
    Fixture ""context"" passed (6ms)
      Create context passed (5ms)
    Fixture ""page"" passed (451ms)
      Create page passed (451ms)
    Navigate to ""/start"" passed (2s 139ms)
 Navigate to ""/start"" passed (1s 47ms)
  Click getByText('JavaScript') failed (26s 527ms)
      After Hooks passed (203ms)
        Fixture ""page"" passed (0s)
        Fixture ""context"" passed (119ms)
          Close context passed (11ms)","safari","start.test.ts","js","Start page","JavaScript","Playwright"
"start.test.ts:57:5","""Playwright""","passed","7s 455ms",,,"Before Hooks passed (3s 120ms)
  beforeEach hook passed (3s 119ms)
    Fixture ""browser"" passed (448ms)
      Launch browser passed (444ms)
    Fixture ""context"" passed (44ms)
      Create context passed (40ms)
    Fixture ""page"" passed (491ms)
      Create page passed (490ms)
    Navigate to ""/start"" passed (2s 120ms)
 Click getByText('TypeScript') passed (238ms)
  Click getByText('Playwright', { exact: true }) passed (304ms)
   Query count locator('[title=""Project metadata""] label[id]') passed (14ms)
    Query count locator('[title=""Project metadata""] label[id]').first().locator('[data-testid=app-start-select]') passed (19ms)
     Query count locator('[title=""Project metadata""] label[id]').first().locator('[data-testid=app-start-inline-picker]') passed (11ms)
      Query count locator('[title=""Project metadata""] label[id]').nth(1).locator('[data-testid=app-start-select]') passed (17ms)
       Query count locator('[title=""Project metadata""] label[id]').nth(1).locator('[data-testid=app-start-inline-picker]') passed (39ms)
        Query count locator('[title=""Project metadata""] label[id]').nth(1).locator('[data-testid=app-start-inline-picker]').first().locator('li') passed (7ms)
         Query count locator('[title=""Project metadata""] label[id]').nth(2).locator('[data-testid=app-start-select]') passed (16ms)
          Query count locator('[title=""Project metadata""] label[id]').nth(2).locator('[data-testid=app-start-inline-picker]') passed (14ms)
           Query count locator('[title=""Project metadata""] label[id]').nth(2).locator('[data-testid=app-start-inline-picker]').first().locator('li') passed (11ms)
            Click getByText('cjs', { exact: true }) passed (50ms)
             Click getByText('npm', { exact: true }) passed (60ms)
              Wait for event ""download"" passed (797ms)
               Click getByText('Download .zip') passed (126ms)
                Wait for timeout passed (112ms)
                 Click getByText('cjs', { exact: true }) passed (57ms)
                  Click getByText('yarn', { exact: true }) passed (49ms)
                   Wait for event ""download"" passed (873ms)
                    Click getByText('Download .zip') passed (97ms)
                     Wait for timeout passed (132ms)
                      Click getByText('cjs', { exact: true }) passed (30ms)
                       Click getByText('pnpm', { exact: true }) passed (57ms)
                        Wait for event ""download"" passed (236ms)
                         Click getByText('Download .zip') passed (80ms)
                          Wait for timeout passed (109ms)
                           Click getByText('esm', { exact: true }) passed (37ms)
                            Click getByText('npm', { exact: true }) passed (83ms)
                             Wait for event ""download"" passed (247ms)
                              Click getByText('Download .zip') passed (78ms)
                               Wait for timeout passed (109ms)
                                Click getByText('esm', { exact: true }) passed (35ms)
                                 Click getByText('yarn', { exact: true }) passed (43ms)
                                  Wait for event ""download"" passed (376ms)
                                   Click getByText('Download .zip') passed (78ms)
                                    Wait for timeout passed (112ms)
                                     Click getByText('esm', { exact: true }) passed (17ms)
                                      Click getByText('pnpm', { exact: true }) passed (19ms)
                                       Wait for event ""download"" passed (247ms)
                                        Click getByText('Download .zip') passed (71ms)
                                         Wait for timeout passed (105ms)
                                           After Hooks passed (629ms)
                                             Fixture ""page"" passed (0s)
                                             Fixture ""context"" passed (586ms)
                                               Close context passed (10ms)","safari","start.test.ts","ts","Start page","TypeScript","Playwright"
"io.qameta.allure.IssuesWebTest.shouldCloseIssue","Closing new issue for authorized user","passed","1s 26ms",,,"Starting web driver passed (0s)
 Open issues page `allure-framework/allure2` passed (1s 10ms)
  Create issue with title `Some issue title here` passed (7ms)
   Close issue with title `Some issue title here` passed (0s)
    Check issue with title `Some issue title here` not exists passed (0s)
     Stopping web driver passed (1ms)",,"io.qameta.allure.IssuesWebTest",,,"Issues","Close existing issue"
"io.qameta.allure.IssuesWebTest.shouldCreateIssue","Creating new issue authorized user","passed","1s 113ms",,,"Starting web driver passed (0s)
 Open issues page `allure-framework/allure2` passed (1s 90ms)
  Create issue with title `Some issue title here` passed (7ms)
   Check issue with title `Some issue title here` exists passed (0s)
    Stopping web driver passed (0s)",,"io.qameta.allure.IssuesWebTest",,,"Issues","Create new issue"
"io.qameta.allure.PullRequestsWebTest.shouldCreatePullRequest","Creating new issue for authorized user","passed","2s 29ms",,,"Starting web driver passed (0s)
 Open pull requests page `allure-framework/allure2` passed (1s 7ms)
  Create pull request from branch `new-feature` passed (1s 3ms)
   Check pull request for branch `new-feature` exists passed (1ms)
    Stopping web driver passed (0s)",,"io.qameta.allure.PullRequestsWebTest",,,"Pull Requests","Create new pull request"
"io.qameta.allure.PullRequestsWebTest.shouldClosePullRequest","Deleting existing issue for authorized user","passed","2s 42ms",,,"Starting web driver passed (0s)
 Open pull requests page `allure-framework/allure2` passed (1s 10ms)
  Create pull request from branch `new-feature` passed (1s 8ms)
   Close pull request for branch `new-feature` passed (0s)
    Check pull request for branch `new-feature` not exists passed (1ms)
     Stopping web driver passed (0s)",,"io.qameta.allure.PullRequestsWebTest",,,"Pull Requests","Close existing pull request"
"home.test.ts:15:5","should allow to toggle site theme","passed","3s 822ms",,,"Before Hooks passed (1s 742ms)
  beforeEach hook passed (1s 741ms)
    Fixture ""browser"" passed (187ms)
      Launch browser passed (183ms)
    Fixture ""context"" passed (15ms)
      Create context passed (9ms)
    Fixture ""page"" passed (36ms)
      Create page passed (35ms)
    Navigate to ""/"" passed (1s 487ms)
 check initial theme passed (672ms)
   Screenshot passed (621ms)
   Expect ""not toContainClass"" locator('html') passed (35ms)
  check theme after first toggle passed (716ms)
    Click locator('.VPNavBarAppearance .VPSwitch.VPSwitchAppearance') passed (89ms)
    Screenshot passed (565ms)
    Expect ""toContainClass"" locator('html') passed (51ms)
   check theme after second toggle passed (672ms)
     Click locator('.VPNavBarAppearance .VPSwitch.VPSwitchAppearance') passed (100ms)
     Screenshot passed (522ms)
     Expect ""not toContainClass"" locator('html') passed (43ms)
     After Hooks passed (182ms)
       Fixture ""page"" passed (0s)
       Fixture ""context"" passed (175ms)
         Close context passed (6ms)","chromium","home.test.ts","home page > theme toggler","Home page","Theme toggler","Toggle theme"
"home.test.ts:15:5","should allow to toggle site theme","passed","2s 977ms",,,"Before Hooks passed (1s 927ms)
  beforeEach hook passed (1s 926ms)
    Fixture ""browser"" passed (376ms)
      Launch browser passed (372ms)
    Fixture ""context"" passed (70ms)
      Create context passed (59ms)
    Fixture ""page"" passed (455ms)
      Create page passed (454ms)
    Navigate to ""/"" passed (1s 12ms)
 check initial theme passed (597ms)
   Screenshot passed (511ms)
   Expect ""not toContainClass"" locator('html') passed (76ms)
  check theme after first toggle passed (312ms)
    Click locator('.VPNavBarAppearance .VPSwitch.VPSwitchAppearance') passed (73ms)
    Screenshot passed (158ms)
    Expect ""toContainClass"" locator('html') passed (70ms)
   check theme after second toggle passed (287ms)
     Click locator('.VPNavBarAppearance .VPSwitch.VPSwitchAppearance') passed (71ms)
     Screenshot passed (147ms)
     Expect ""not toContainClass"" locator('html') passed (62ms)
     After Hooks passed (211ms)
       Fixture ""page"" passed (0s)
       Fixture ""context"" passed (204ms)
         Close context passed (15ms)","firefox","home.test.ts","home page > theme toggler","Home page","Theme toggler","Toggle theme"
"home.test.ts:15:5","should allow to toggle site theme","passed","6s 897ms",,,"Before Hooks passed (2s 95ms)
  beforeEach hook passed (2s 94ms)
    Fixture ""browser"" passed (540ms)
      Launch browser passed (538ms)
    Fixture ""context"" passed (21ms)
      Create context passed (16ms)
    Fixture ""page"" passed (388ms)
      Create page passed (386ms)
    Navigate to ""/"" passed (1s 129ms)
 check initial theme passed (2s 193ms)
   Screenshot passed (2s 106ms)
   Expect ""not toContainClass"" locator('html') passed (63ms)
  check theme after first toggle passed (1s 320ms)
    Click locator('.VPNavBarAppearance .VPSwitch.VPSwitchAppearance') passed (130ms)
    Screenshot passed (1s 139ms)
    Expect ""toContainClass"" locator('html') passed (28ms)
   check theme after second toggle passed (1s 427ms)
     Click locator('.VPNavBarAppearance .VPSwitch.VPSwitchAppearance') passed (202ms)
     Screenshot passed (1s 184ms)
     Expect ""not toContainClass"" locator('html') passed (28ms)
     After Hooks passed (372ms)
       Fixture ""page"" passed (0s)
       Fixture ""context"" passed (364ms)
         Close context passed (10ms)","safari","home.test.ts","home page > theme toggler","Home page","Theme toggler","Toggle theme"
"home.test.ts:15:5","should allow to toggle site theme","passed","6s 247ms",,,"Before Hooks passed (4s 381ms)
  beforeEach hook passed (4s 379ms)
    Fixture ""browser"" passed (692ms)
      Launch browser passed (683ms)
    Fixture ""context"" passed (13ms)
      Create context passed (9ms)
    Fixture ""page"" passed (438ms)
      Create page passed (437ms)
    Navigate to ""/"" passed (3s 220ms)
 check initial theme passed (962ms)
   Screenshot passed (922ms)
   Expect ""not toContainClass"" locator('html') passed (26ms)
  check theme after first toggle passed (785ms)
    Click locator('.VPNavBarAppearance .VPSwitch.VPSwitchAppearance') passed (66ms)
    Screenshot passed (682ms)
    Expect ""toContainClass"" locator('html') passed (29ms)
   check theme after second toggle passed (530ms)
     Click locator('.VPNavBarAppearance .VPSwitch.VPSwitchAppearance') passed (47ms)
     Screenshot passed (456ms)
     Expect ""not toContainClass"" locator('html') passed (20ms)
     After Hooks passed (244ms)
       Fixture ""page"" passed (0s)
       Fixture ""context"" passed (238ms)
         Close context passed (11ms)","chromium","home.test.ts","home page > theme toggler","Home page","Theme toggler","Toggle theme"
"home.test.ts:15:5","should allow to toggle site theme","passed","4s 224ms",,,"Before Hooks passed (4s 787ms)
  beforeEach hook passed (4s 786ms)
    Fixture ""browser"" passed (2s 498ms)
      Launch browser passed (2s 497ms)
    Fixture ""context"" passed (274ms)
      Create context passed (242ms)
    Fixture ""page"" passed (960ms)
      Create page passed (959ms)
    Navigate to ""/"" passed (1s 43ms)
 check initial theme passed (855ms)
   Screenshot passed (755ms)
   Expect ""not toContainClass"" locator('html') passed (85ms)
  check theme after first toggle passed (388ms)
    Click locator('.VPNavBarAppearance .VPSwitch.VPSwitchAppearance') passed (76ms)
    Screenshot passed (212ms)
    Expect ""toContainClass"" locator('html') passed (92ms)
   check theme after second toggle passed (422ms)
     Click locator('.VPNavBarAppearance .VPSwitch.VPSwitchAppearance') passed (68ms)
     Screenshot passed (248ms)
     Expect ""not toContainClass"" locator('html') passed (102ms)
     After Hooks passed (189ms)
       Fixture ""page"" passed (0s)
       Fixture ""context"" passed (183ms)
         Close context passed (12ms)","firefox","home.test.ts","home page > theme toggler","Home page","Theme toggler","Toggle theme"
"home.test.ts:15:5","should allow to toggle site theme","passed","7s 785ms",,,"Before Hooks passed (5s 313ms)
  beforeEach hook passed (5s 312ms)
    Fixture ""browser"" passed (1s 429ms)
      Launch browser passed (1s 427ms)
    Fixture ""context"" passed (319ms)
      Create context passed (313ms)
    Fixture ""page"" passed (1s 269ms)
      Create page passed (1s 266ms)
    Navigate to ""/"" passed (2s 280ms)
 check initial theme passed (1s 471ms)
   Screenshot passed (1s 201ms)
   Expect ""not toContainClass"" locator('html') passed (232ms)
  check theme after first toggle passed (1s 55ms)
    Click locator('.VPNavBarAppearance .VPSwitch.VPSwitchAppearance') passed (290ms)
    Screenshot passed (618ms)
    Expect ""toContainClass"" locator('html') passed (90ms)
   check theme after second toggle passed (945ms)
     Click locator('.VPNavBarAppearance .VPSwitch.VPSwitchAppearance') passed (162ms)
     Screenshot passed (727ms)
     Expect ""not toContainClass"" locator('html') passed (39ms)
     After Hooks passed (346ms)
       Fixture ""page"" passed (0s)
       Fixture ""context"" passed (338ms)
         Close context passed (7ms)","safari","home.test.ts","home page > theme toggler","Home page","Theme toggler","Toggle theme"
"allure3-demo:test/unit/index.test.ts#unit tests should be broken","should be broken","broken","1ms","the break reason","Error: the break reason
    at /home/runner/work/allure3-demo/allure3-demo/test/unit/index.test.ts:25:11
    at processTicksAndRejections (node:internal/process/task_queues:104:5)
    at file:///home/runner/work/allure3-demo/allure3-demo/node_modules/.pnpm/@vitest+runner@4.1.2/node_modules/@vitest/runner/dist/chunk-artifact.js:1893:20",,"unit tests",,,,,
"allure3-demo:test/unit/index.test.ts#unit tests should be broken","should be broken","broken","1ms","the break reason","Error: the break reason
    at /Users/runner/work/allure3-demo/allure3-demo/test/unit/index.test.ts:25:11
    at processTicksAndRejections (node:internal/process/task_queues:104:5)
    at file:///Users/runner/work/allure3-demo/allure3-demo/node_modules/.pnpm/@vitest+runner@4.1.2/node_modules/@vitest/runner/dist/chunk-artifact.js:1893:20",,"unit tests",,,,,
"allure3-demo:test/unit/index.test.ts#unit tests should be skipped","should be skipped","skipped","0s",,,,"unit tests",,,,,
"allure3-demo:test/unit/index.test.ts#unit tests should be skipped","should be skipped","skipped","0s",,,,"unit tests",,,,,
"allure3-demo:test/unit/index.test.ts#unit tests should contain different kind of attachments","should contain different kind of attachments","passed","14ms",,,"       expect(1).toBe(1) passed (0s)","unit tests",,,,,
"allure3-demo:test/unit/index.test.ts#unit tests should contain different kind of attachments","should contain different kind of attachments","passed","77ms",,,"       expect(1).toBe(1) passed (0s)","unit tests",,,,,
"allure3-demo:test/unit/index.test.ts#unit tests parent suite suite sub suite should contain steps (actual/expected)","should contain steps (actual/expected)","failed","3ms","expected { foo: { bar: { baz: 'beep' } } } to deeply equal { baz: { bar: { foo: 'beep' } } }","AssertionError: expected { foo: { bar: { baz: 'beep' } } } to deeply equal { baz: { bar: { foo: 'beep' } } }
    at file:///home/runner/work/allure3-demo/allure3-demo/node_modules/.pnpm/allure-vitest@3.11.1_@vitest+runner@4.1.2_allure-playwright@3.11.1_@playwright+test@1.6_ac53857b231ca2984d643f68ae0cd06b/node_modules/allure-vitest/dist/matchers.js:353:170
    at runWithNestedMatcherStepsSuppressed (file:///home/runner/work/allure3-demo/allure3-demo/node_modules/.pnpm/allure-vitest@3.11.1_@vitest+runner@4.1.2_allure-playwright@3.11.1_@playwright+test@1.6_ac53857b231ca2984d643f68ae0cd06b/node_modules/allure-vitest/dist/matchers.js:279:24)
    at file:///home/runner/work/allure3-demo/allure3-demo/node_modules/.pnpm/allure-vitest@3.11.1_@vitest+runner@4.1.2_allure-playwright@3.11.1_@playwright+test@1.6_ac53857b231ca2984d643f68ae0cd06b/node_modules/allure-vitest/dist/matchers.js:353:106
    at runMatcherStep (file:///home/runner/work/allure3-demo/allure3-demo/node_modules/.pnpm/allure-vitest@3.11.1_@vitest+runner@4.1.2_allure-playwright@3.11.1_@playwright+test@1.6_ac53857b231ca2984d643f68ae0cd06b/node_modules/allure-vitest/dist/matchers.js:319:24)
    at Proxy.<anonymous> (file:///home/runner/work/allure3-demo/allure3-demo/node_modules/.pnpm/allure-vitest@3.11.1_@vitest+runner@4.1.2_allure-playwright@3.11.1_@playwright+test@1.6_ac53857b231ca2984d643f68ae0cd06b/node_modules/allure-vitest/dist/matchers.js:353:16)
    at /home/runner/work/allure3-demo/allure3-demo/test/unit/index.test.ts:51:59
    at file:///home/runner/work/allure3-demo/allure3-demo/node_modules/.pnpm/allure-js-commons@3.11.1_allure-playwright@3.11.1_@playwright+test@1.60.0_/node_modules/allure-js-commons/dist/esm/facade.js:106:48
    at file:///home/runner/work/allure3-demo/allure3-demo/node_modules/.pnpm/allure-js-commons@3.11.1_allure-playwright@3.11.1_@playwright+test@1.60.0_/node_modules/allure-js-commons/dist/esm/sdk/runtime/MessageTestRuntime.js:241:28
    at Generator.next (<anonymous>)
    at asyncGeneratorStep (file:///home/runner/work/allure3-demo/allure3-demo/node_modules/.pnpm/allure-js-commons@3.11.1_allure-playwright@3.11.1_@playwright+test@1.60.0_/node_modules/allure-js-commons/dist/esm/sdk/runtime/MessageTestRuntime.js:3:70)","step 1 passed (0s)
  expect(1).toBe(1) passed (0s)
 step 2 passed (1ms)
   expect(1).toBe(1) passed (0s)
  step 3 failed (1ms)
    step 3.1 failed (1ms)
      step 3.1.1 failed (1ms)
        expect({""foo"":{""bar"":""[Object]""}}).toEqual({""baz"":{""bar"":""[Object]""}}) failed (1ms)","unit tests","parent suite","suite > sub suite",,,
"allure3-demo:test/unit/index.test.ts#unit tests parent suite suite sub suite should contain steps (actual/expected)","should contain steps (actual/expected)","failed","3ms","expected { foo: { bar: { baz: 'beep' } } } to deeply equal { baz: { bar: { foo: 'beep' } } }","AssertionError: expected { foo: { bar: { baz: 'beep' } } } to deeply equal { baz: { bar: { foo: 'beep' } } }
    at file:///Users/runner/work/allure3-demo/allure3-demo/node_modules/.pnpm/allure-vitest@3.11.1_@vitest+runner@4.1.2_allure-playwright@3.11.1_@playwright+test@1.6_ac53857b231ca2984d643f68ae0cd06b/node_modules/allure-vitest/dist/matchers.js:353:170
    at runWithNestedMatcherStepsSuppressed (file:///Users/runner/work/allure3-demo/allure3-demo/node_modules/.pnpm/allure-vitest@3.11.1_@vitest+runner@4.1.2_allure-playwright@3.11.1_@playwright+test@1.6_ac53857b231ca2984d643f68ae0cd06b/node_modules/allure-vitest/dist/matchers.js:279:24)
    at file:///Users/runner/work/allure3-demo/allure3-demo/node_modules/.pnpm/allure-vitest@3.11.1_@vitest+runner@4.1.2_allure-playwright@3.11.1_@playwright+test@1.6_ac53857b231ca2984d643f68ae0cd06b/node_modules/allure-vitest/dist/matchers.js:353:106
    at runMatcherStep (file:///Users/runner/work/allure3-demo/allure3-demo/node_modules/.pnpm/allure-vitest@3.11.1_@vitest+runner@4.1.2_allure-playwright@3.11.1_@playwright+test@1.6_ac53857b231ca2984d643f68ae0cd06b/node_modules/allure-vitest/dist/matchers.js:319:24)
    at Proxy.<anonymous> (file:///Users/runner/work/allure3-demo/allure3-demo/node_modules/.pnpm/allure-vitest@3.11.1_@vitest+runner@4.1.2_allure-playwright@3.11.1_@playwright+test@1.6_ac53857b231ca2984d643f68ae0cd06b/node_modules/allure-vitest/dist/matchers.js:353:16)
    at /Users/runner/work/allure3-demo/allure3-demo/test/unit/index.test.ts:51:59
    at file:///Users/runner/work/allure3-demo/allure3-demo/node_modules/.pnpm/allure-js-commons@3.11.1_allure-playwright@3.11.1_@playwright+test@1.60.0_/node_modules/allure-js-commons/dist/esm/facade.js:106:48
    at file:///Users/runner/work/allure3-demo/allure3-demo/node_modules/.pnpm/allure-js-commons@3.11.1_allure-playwright@3.11.1_@playwright+test@1.60.0_/node_modules/allure-js-commons/dist/esm/sdk/runtime/MessageTestRuntime.js:241:28
    at Generator.next (<anonymous>)
    at asyncGeneratorStep (file:///Users/runner/work/allure3-demo/allure3-demo/node_modules/.pnpm/allure-js-commons@3.11.1_allure-playwright@3.11.1_@playwright+test@1.60.0_/node_modules/allure-js-commons/dist/esm/sdk/runtime/MessageTestRuntime.js:3:70)","step 1 passed (0s)
  expect(1).toBe(1) passed (0s)
 step 2 passed (0s)
   expect(1).toBe(1) passed (0s)
  step 3 failed (2ms)
    step 3.1 failed (2ms)
      step 3.1.1 failed (1ms)
        expect({""foo"":{""bar"":""[Object]""}}).toEqual({""baz"":{""bar"":""[Object]""}}) failed (0s)","unit tests","parent suite","suite > sub suite",,,
"allure3-demo:test/unit/index.test.ts#unit tests should fail","should fail","failed","6ms","expected 1 to be 2 // Object.is equality","AssertionError: expected 1 to be 2 // Object.is equality
    at file:///home/runner/work/allure3-demo/allure3-demo/node_modules/.pnpm/allure-vitest@3.11.1_@vitest+runner@4.1.2_allure-playwright@3.11.1_@playwright+test@1.6_ac53857b231ca2984d643f68ae0cd06b/node_modules/allure-vitest/dist/matchers.js:353:170
    at runWithNestedMatcherStepsSuppressed (file:///home/runner/work/allure3-demo/allure3-demo/node_modules/.pnpm/allure-vitest@3.11.1_@vitest+runner@4.1.2_allure-playwright@3.11.1_@playwright+test@1.6_ac53857b231ca2984d643f68ae0cd06b/node_modules/allure-vitest/dist/matchers.js:279:24)
    at file:///home/runner/work/allure3-demo/allure3-demo/node_modules/.pnpm/allure-vitest@3.11.1_@vitest+runner@4.1.2_allure-playwright@3.11.1_@playwright+test@1.6_ac53857b231ca2984d643f68ae0cd06b/node_modules/allure-vitest/dist/matchers.js:353:106
    at runMatcherStep (file:///home/runner/work/allure3-demo/allure3-demo/node_modules/.pnpm/allure-vitest@3.11.1_@vitest+runner@4.1.2_allure-playwright@3.11.1_@playwright+test@1.6_ac53857b231ca2984d643f68ae0cd06b/node_modules/allure-vitest/dist/matchers.js:319:24)
    at Proxy.<anonymous> (file:///home/runner/work/allure3-demo/allure3-demo/node_modules/.pnpm/allure-vitest@3.11.1_@vitest+runner@4.1.2_allure-playwright@3.11.1_@playwright+test@1.6_ac53857b231ca2984d643f68ae0cd06b/node_modules/allure-vitest/dist/matchers.js:353:16)
    at /home/runner/work/allure3-demo/allure3-demo/test/unit/index.test.ts:19:15
    at processTicksAndRejections (node:internal/process/task_queues:104:5)
    at file:///home/runner/work/allure3-demo/allure3-demo/node_modules/.pnpm/@vitest+runner@4.1.2/node_modules/@vitest/runner/dist/chunk-artifact.js:1893:20","expect(1).toBe(2) failed (3ms)","unit tests",,,,,
"allure3-demo:test/unit/index.test.ts#unit tests should fail","should fail","failed","5ms","expected 1 to be 2 // Object.is equality","AssertionError: expected 1 to be 2 // Object.is equality
    at file:///Users/runner/work/allure3-demo/allure3-demo/node_modules/.pnpm/allure-vitest@3.11.1_@vitest+runner@4.1.2_allure-playwright@3.11.1_@playwright+test@1.6_ac53857b231ca2984d643f68ae0cd06b/node_modules/allure-vitest/dist/matchers.js:353:170
    at runWithNestedMatcherStepsSuppressed (file:///Users/runner/work/allure3-demo/allure3-demo/node_modules/.pnpm/allure-vitest@3.11.1_@vitest+runner@4.1.2_allure-playwright@3.11.1_@playwright+test@1.6_ac53857b231ca2984d643f68ae0cd06b/node_modules/allure-vitest/dist/matchers.js:279:24)
    at file:///Users/runner/work/allure3-demo/allure3-demo/node_modules/.pnpm/allure-vitest@3.11.1_@vitest+runner@4.1.2_allure-playwright@3.11.1_@playwright+test@1.6_ac53857b231ca2984d643f68ae0cd06b/node_modules/allure-vitest/dist/matchers.js:353:106
    at runMatcherStep (file:///Users/runner/work/allure3-demo/allure3-demo/node_modules/.pnpm/allure-vitest@3.11.1_@vitest+runner@4.1.2_allure-playwright@3.11.1_@playwright+test@1.6_ac53857b231ca2984d643f68ae0cd06b/node_modules/allure-vitest/dist/matchers.js:319:24)
    at Proxy.<anonymous> (file:///Users/runner/work/allure3-demo/allure3-demo/node_modules/.pnpm/allure-vitest@3.11.1_@vitest+runner@4.1.2_allure-playwright@3.11.1_@playwright+test@1.6_ac53857b231ca2984d643f68ae0cd06b/node_modules/allure-vitest/dist/matchers.js:353:16)
    at /Users/runner/work/allure3-demo/allure3-demo/test/unit/index.test.ts:19:15
    at processTicksAndRejections (node:internal/process/task_queues:104:5)
    at file:///Users/runner/work/allure3-demo/allure3-demo/node_modules/.pnpm/@vitest+runner@4.1.2/node_modules/@vitest/runner/dist/chunk-artifact.js:1893:20","expect(1).toBe(2) failed (3ms)","unit tests",,,,,
"allure3-demo:test/unit/index.test.ts#unit tests should pass","should pass","passed","2ms",,,"expect(1).toBe(1) passed (1ms)","unit tests",,,,,
"allure3-demo:test/unit/index.test.ts#unit tests should pass","should pass","passed","2ms",,,"expect(1).toBe(1) passed (0s)","unit tests",,,,,
"io.qameta.allure.IssuesRestTest.shouldCreateUserNote","shouldCreateUserNote(String) Create issue via api","passed","213ms",,,"Create issue with title `First Note` passed (8ms)
  POST /repos/allure-framework/allure2/issues passed (1ms)
 Check note with content `First Note` exists passed (0s)
   GET /repos/allure-framework/allure2/issues?text=First Note passed (0s)
   GET /repos/allure-framework/allure2/issues/10 passed (0s)",,"io.qameta.allure.IssuesRestTest",,,"Issues","Create new issue"
"io.qameta.allure.IssuesRestTest.shouldCreateUserNote","shouldCreateUserNote(String) Create issue via api","passed","10ms",,,"Create issue with title `Second Note` passed (1ms)
  POST /repos/allure-framework/allure2/issues passed (0s)
 Check note with content `Second Note` exists passed (0s)
   GET /repos/allure-framework/allure2/issues?text=Second Note passed (0s)
   GET /repos/allure-framework/allure2/issues/10 passed (0s)",,"io.qameta.allure.IssuesRestTest",,,"Issues","Create new issue"
"io.qameta.allure.IssuesRestTest.shouldDeleteUserNote","shouldDeleteUserNote(String) Close issue via api","passed","6ms",,,"Create issue with title `Second Note` passed (1ms)
  POST /repos/allure-framework/allure2/issues passed (0s)
 Close issue with title `Second Note` passed (0s)
   GET /repos/allure-framework/allure2/issues?text=Second Note passed (0s)
   PATCH /repos/allure-framework/allure2/issues/10 passed (0s)",,"io.qameta.allure.IssuesRestTest",,,"Issues","Close existing issue"
"io.qameta.allure.IssuesRestTest.shouldDeleteUserNote","shouldDeleteUserNote(String) Close issue via api","passed","6ms",,,"Create issue with title `First Note` passed (1ms)
  POST /repos/allure-framework/allure2/issues passed (0s)
 Close issue with title `First Note` passed (0s)
   GET /repos/allure-framework/allure2/issues?text=First Note passed (0s)
   PATCH /repos/allure-framework/allure2/issues/10 passed (0s)",,"io.qameta.allure.IssuesRestTest",,,"Issues","Close existing issue"